{
  "productmanagement": [
    {
      "name": "Tushar",
      "description": "fdsf",
      "price": "4343",
      "id": 2
    },
    {
      "name": "Paras",
      "description": "fdsf",
      "price": "434",
      "id": 1
    },
    {
      "name": "Jitesh",
      "description": "fdsf",
      "price": "4343",
      "id": 3
    },
    {
      "name": "Jiy",
      "description": "fdsf",
      "price": "434",
      "id": 4
    },
    {
      "name": "Rishabh",
      "description": "fdsf",
      "price": "43472",
      "id": 5
    },
    {
      "name": "Rajshekhar",
      "description": "fds",
      "price": "43",
      "id": 6
    }
  ]
}