{
  "productmanagement": [
    {
      "name": "jdsj",
      "description": "jdsj",
      "price": "722",
      "id": 5
    },
    {
      "name": "MIlk",
      "description": "nk",
      "price": "8128",
      "id": 6
    },
    {
      "name": "hshdh",
      "description": "ndsj",
      "price": "87327",
      "id": 7
    },
    {
      "name": "hshdh",
      "description": "ndsj",
      "price": "87327",
      "id": 7
    },
    {
      "name": "hshdh",
      "description": "ndsj",
      "price": "87327",
      "id": 7
    },
    {
      "name": "hshdh",
      "description": "ndsj",
      "price": "87327",
      "id": 7
    },
    {
      "name": "hshdh",
      "description": "ndsj",
      "price": "87327",
      "id": 7
    },
    {
      "name": "hshdh",
      "description": "ndsj",
      "price": "87327",
      "id": 7
    },
    {
      "name": "hshdh",
      "description": "ndsj",
      "price": "87327",
      "id": 7
    },
    {
      "name": "hshdh",
      "description": "ndsj",
      "price": "87327",
      "id": 7
    }
  ]
}